{"cameraMode":{"drawMode":0,"name":"Shaded","section":"Shading Mode"},"sceneLighting":false,"audioPlay":false,"sceneViewState":{"showFog":true,"showMaterialUpdate":false,"showSkybox":false,"showFlares":true,"showImageEffects":true,"showParticleSystems":true,"showVisualEffectGraphs":true,"m_FxEnabled":true},"in2DMode":false,"pivot":{"x":-0.36033177375793459,"y":0.44028186798095705,"z":0.060614705085754397},"rotation":{"x":0.45579224824905398,"y":0.020023390650749208,"z":-0.010255732573568821,"w":0.8897881507873535},"size":9.433454513549805,"orthographic":true}